{"cameraMode":{"drawMode":0,"name":"Shaded","section":"Shading Mode"},"sceneLighting":true,"audioPlay":false,"sceneViewState":{"m_AlwaysRefresh":false,"showFog":true,"showSkybox":true,"showFlares":true,"showImageEffects":true,"showParticleSystems":true,"showVisualEffectGraphs":true,"m_FxEnabled":true},"in2DMode":false,"pivot":{"x":-0.16822701692581178,"y":0.17821204662322999,"z":1.2287862300872803},"rotation":{"x":0.17189063131809236,"y":-0.026601118966937066,"z":0.004638844169676304,"w":0.9847638010978699},"size":2.298746109008789,"orthographic":false}