{"cameraMode":{"drawMode":0,"name":"Shaded","section":"Shading Mode"},"sceneLighting":true,"audioPlay":false,"sceneViewState":{"m_AlwaysRefresh":false,"showFog":true,"showSkybox":true,"showFlares":true,"showImageEffects":true,"showParticleSystems":true,"showVisualEffectGraphs":true,"m_FxEnabled":true},"in2DMode":false,"pivot":{"x":5.57975959777832,"y":0.5799988508224487,"z":0.007916837930679322},"rotation":{"x":0.2544059753417969,"y":-0.03480949625372887,"z":0.00915772095322609,"w":0.9664432406425476},"size":2.0660252571105959,"orthographic":false}