{"cameraMode":{"drawMode":0,"name":"Shaded","section":"Shading Mode"},"sceneLighting":true,"audioPlay":false,"sceneViewState":{"m_AlwaysRefresh":false,"showFog":true,"showSkybox":true,"showFlares":true,"showImageEffects":true,"showParticleSystems":true,"showVisualEffectGraphs":true,"m_FxEnabled":true},"in2DMode":false,"pivot":{"x":-0.46612995862960818,"y":-24.014129638671876,"z":67.66336822509766},"rotation":{"x":0.17548580467700959,"y":-0.00590907596051693,"z":0.0010471285786479712,"w":0.984478771686554},"size":39.354557037353519,"orthographic":false}