{"cameraMode":{"drawMode":0,"name":"Shaded","section":"Shading Mode"},"sceneLighting":true,"audioPlay":false,"sceneViewState":{"m_AlwaysRefresh":false,"showFog":true,"showSkybox":true,"showFlares":true,"showImageEffects":true,"showParticleSystems":true,"showVisualEffectGraphs":true,"m_FxEnabled":true},"in2DMode":false,"pivot":{"x":-0.3721623420715332,"y":0.8294485807418823,"z":0.5296226143836975},"rotation":{"x":-0.11819435656070709,"y":0.8152536153793335,"z":-0.17915011942386628,"w":-0.5378639101982117},"size":0.9751417636871338,"orthographic":false}