{"cameraMode":{"drawMode":0,"name":"Shaded","section":"Shading Mode"},"sceneLighting":true,"audioPlay":false,"sceneViewState":{"m_AlwaysRefresh":false,"showFog":true,"showSkybox":true,"showFlares":true,"showImageEffects":true,"showParticleSystems":true,"showVisualEffectGraphs":true,"m_FxEnabled":true},"in2DMode":false,"pivot":{"x":1.3663883209228516,"y":2.3819215297698976,"z":-1.853811502456665},"rotation":{"x":0.2062634527683258,"y":0.03668222948908806,"z":-0.0077428510412573818,"w":0.9777944684028626},"size":2.0660252571105959,"orthographic":false}