{"cameraMode":{"drawMode":0,"name":"Shaded","section":"Shading Mode"},"sceneLighting":true,"audioPlay":false,"sceneViewState":{"m_AlwaysRefresh":false,"showFog":true,"showSkybox":true,"showFlares":true,"showImageEffects":true,"showParticleSystems":true,"showVisualEffectGraphs":true,"m_FxEnabled":true},"in2DMode":false,"pivot":{"x":0.08086216449737549,"y":1.642867088317871,"z":0.9994134902954102},"rotation":{"x":-0.022165723145008088,"y":-0.9675446152687073,"z":0.234622061252594,"w":-0.09141869843006134},"size":2.0660252571105959,"orthographic":false}